Municipio de residencia;Seccion de residencia;0 - Ocupaciones militares;1 - Directores y gerentes;2 - Técnicos y profesionales científicos e intelectuales;"3 - Técnicos; profesionales de apoyo";4 - Empleados contables, administrativos y otros empleados de oficina;5 - Trabajadores de los servicios de restauración, personales, protección y vendedores;6 - Trabajadores cualificados en el sector agrícola, ganadero, forestal y pesquero;7 - Artesanos y trabajadores cualificados de las industrias manufactureras y la construcción (excepto operadores de instalaciones y maquinaria);8 - Operadores de instalaciones y maquinaria, y montadores;9 - Ocupaciones elementales
29067 Málaga;Sección 2906701001;*;*;225;*;210;110;*;*;*;*
29067 Málaga;Sección 2906701002;*;*;155;*;*;*;*;*;*;*
29067 Málaga;Sección 2906701003;*;*;215;*;*;*;*;*;*;*
29067 Málaga;Sección 2906701004;*;*;60;*;135;*;*;*;*;*
29067 Málaga;Sección 2906702001;*;*;*;*;*;*;*;*;*;*
29067 Málaga;Sección 2906702002;*;*;145;*;70;*;*;*;*;*
29067 Málaga;Sección 2906702003;*;*;280;*;195;210;*;*;*;*
29067 Málaga;Sección 2906702004;*;*;300;80;*;130;*;*;*;*
29067 Málaga;Sección 2906702005;*;*;235;*;*;*;*;*;*;*
29067 Málaga;Sección 2906702006;*;*;190;75;*;150;*;*;*;*
29067 Málaga;Sección 2906702007;*;65;220;*;*;*;*;*;*;*
29067 Málaga;Sección 2906702008;*;115;130;*;50;*;*;*;*;*
29067 Málaga;Sección 2906702009;*;*;*;*;125;70;*;*;*;*
29067 Málaga;Sección 2906702010;*;*;255;*;*;*;*;*;*;*
29067 Málaga;Sección 2906702011;*;*;105;*;*;135;*;*;*;*
29067 Málaga;Sección 2906702012;*;*;*;*;*;65;*;*;*;95
29067 Málaga;Sección 2906702013;*;90;305;85;95;50;*;*;*;*
29067 Málaga;Sección 2906702014;*;*;125;*;*;*;*;*;*;*
29067 Málaga;Sección 2906702015;*;*;145;*;*;90;*;*;*;*
29067 Málaga;Sección 2906702016;*;*;165;105;135;*;*;*;*;*
29067 Málaga;Sección 2906702017;*;*;620;90;220;55;*;*;*;*
29067 Málaga;Sección 2906702018;*;*;165;*;110;*;*;*;*;*
29067 Málaga;Sección 2906702019;*;*;*;*;*;140;*;*;*;90
29067 Málaga;Sección 2906702020;*;*;*;*;*;145;*;*;*;*
29067 Málaga;Sección 2906702021;*;*;*;*;*;125;*;*;*;*
29067 Málaga;Sección 2906702022;*;*;295;55;*;*;*;*;*;*
29067 Málaga;Sección 2906702023;*;*;*;80;*;115;*;*;*;85
29067 Málaga;Sección 2906702024;*;*;*;*;*;150;*;*;*;130
29067 Málaga;Sección 2906702025;*;*;*;*;*;*;*;*;*;*
29067 Málaga;Sección 2906702026;*;*;135;*;150;175;*;*;*;85
29067 Málaga;Sección 2906702027;*;60;205;80;*;105;*;*;*;*
29067 Málaga;Sección 2906702028;*;*;115;*;120;*;*;*;*;*
29067 Málaga;Sección 2906702029;*;*;*;90;*;75;*;*;*;*
29067 Málaga;Sección 2906702030;*;*;135;75;185;200;*;*;*;*
29067 Málaga;Sección 2906702031;*;*;*;*;*;*;*;*;*;*
29067 Málaga;Sección 2906702032;*;*;165;*;*;*;*;*;*;*
29067 Málaga;Sección 2906702033;*;*;260;165;*;70;*;*;*;*
29067 Málaga;Sección 2906702034;*;*;130;*;*;*;*;*;*;*
29067 Málaga;Sección 2906702035;*;*;160;*;*;75;*;*;*;*
29067 Málaga;Sección 2906702036;*;*;185;*;*;*;*;*;*;*
29067 Málaga;Sección 2906702037;*;125;295;*;70;*;*;*;*;*
29067 Málaga;Sección 2906702038;*;*;175;*;*;*;*;*;*;*
29067 Málaga;Sección 2906702039;*;*;70;*;*;*;*;*;*;*
29067 Málaga;Sección 2906702040;*;*;185;*;*;*;*;*;*;*
29067 Málaga;Sección 2906702041;*;*;390;*;235;155;*;*;*;*
29067 Málaga;Sección 2906702042;*;*;185;105;*;*;*;*;*;*
29067 Málaga;Sección 2906702043;*;135;385;*;*;*;*;*;*;*
29067 Málaga;Sección 2906702044;*;155;330;150;100;*;*;*;*;*
29067 Málaga;Sección 2906702045;*;*;*;*;*;95;*;*;*;70
29067 Málaga;Sección 2906702046;*;*;55;*;*;*;*;*;*;*
29067 Málaga;Sección 2906702047;*;*;370;*;90;*;*;*;*;*
29067 Málaga;Sección 2906702048;*;*;330;130;200;*;*;85;*;*
29067 Málaga;Sección 2906702049;*;85;450;225;65;*;*;*;*;*
29067 Málaga;Sección 2906702050;*;195;680;65;150;*;*;*;*;*
29067 Málaga;Sección 2906703001;*;*;130;*;*;*;*;*;*;*
29067 Málaga;Sección 2906703002;*;*;240;90;*;*;*;*;*;*
29067 Málaga;Sección 2906703003;*;*;105;*;70;220;*;*;*;*
29067 Málaga;Sección 2906704001;*;*;110;*;*;*;*;*;*;*
29067 Málaga;Sección 2906704002;*;*;165;*;85;*;*;*;*;*
29067 Málaga;Sección 2906704003;*;*;140;*;*;*;*;*;*;*
29067 Málaga;Sección 2906704004;*;*;125;65;*;135;*;*;*;*
29067 Málaga;Sección 2906704005;*;*;*;*;*;*;*;80;*;*
29067 Málaga;Sección 2906704006;*;*;75;60;*;140;*;*;*;*
29067 Málaga;Sección 2906704007;*;*;100;*;120;170;*;*;*;*
29067 Málaga;Sección 2906704008;*;*;70;*;*;*;*;*;*;*
29067 Málaga;Sección 2906704009;*;*;170;*;*;200;*;*;*;*
29067 Málaga;Sección 2906704010;*;*;135;65;70;80;*;*;*;*
29067 Málaga;Sección 2906704011;*;*;*;180;*;*;*;*;*;*
29067 Málaga;Sección 2906704012;*;*;*;*;*;*;*;*;*;*
29067 Málaga;Sección 2906704013;*;*;75;*;130;*;*;*;*;*
29067 Málaga;Sección 2906704014;*;*;75;*;*;110;*;*;*;*
29067 Málaga;Sección 2906704015;*;*;*;*;*;*;*;*;*;*
29067 Málaga;Sección 2906705001;*;*;*;*;*;*;*;*;*;*
29067 Málaga;Sección 2906705002;*;*;195;*;115;190;*;*;*;135
29067 Málaga;Sección 2906705003;*;*;65;*;*;85;*;*;*;*
29067 Málaga;Sección 2906706001;*;*;190;210;205;260;*;*;60;65
29067 Málaga;Sección 2906706002;*;*;60;135;110;240;*;*;*;*
29067 Málaga;Sección 2906706003;*;*;*;*;*;*;*;*;*;*
29067 Málaga;Sección 2906706004;*;*;*;*;80;85;*;*;*;*
29067 Málaga;Sección 2906706005;*;*;*;*;*;70;*;*;*;*
29067 Málaga;Sección 2906706006;*;*;*;*;*;*;*;*;*;60
29067 Málaga;Sección 2906706007;*;*;*;*;*;*;*;85;*;75
29067 Málaga;Sección 2906706008;*;*;*;*;*;145;*;*;*;*
29067 Málaga;Sección 2906706009;*;*;*;*;120;*;*;*;*;*
29067 Málaga;Sección 2906706010;*;*;*;*;*;*;*;55;*;*
29067 Málaga;Sección 2906706011;*;*;*;*;*;*;*;*;*;*
29067 Málaga;Sección 2906706012;*;110;120;*;65;*;*;*;*;*
29067 Málaga;Sección 2906706013;*;*;75;*;*;140;*;110;*;75
29067 Málaga;Sección 2906706015;*;*;*;*;*;*;*;*;*;*
29067 Málaga;Sección 2906706016;*;*;*;*;*;195;*;*;*;*
29067 Málaga;Sección 2906706017;*;*;120;130;120;90;*;*;*;*
29067 Málaga;Sección 2906706018;*;*;*;*;*;*;*;*;*;*
29067 Málaga;Sección 2906706019;*;*;65;*;*;225;*;105;*;115
29067 Málaga;Sección 2906706020;*;*;90;*;*;*;*;*;*;*
29067 Málaga;Sección 2906706021;*;*;*;*;*;215;*;*;*;130
29067 Málaga;Sección 2906706022;*;*;75;*;95;70;*;*;*;*
29067 Málaga;Sección 2906706023;*;*;*;*;120;135;*;*;65;*
29067 Málaga;Sección 2906706024;*;*;305;*;200;190;*;*;*;155
29067 Málaga;Sección 2906706025;*;*;*;45;75;95;*;135;*;65
29067 Málaga;Sección 2906706026;*;*;*;*;125;75;*;*;*;55
29067 Málaga;Sección 2906706027;*;*;*;*;*;70;*;*;*;*
29067 Málaga;Sección 2906706028;*;*;85;*;*;160;*;*;*;*
29067 Málaga;Sección 2906706029;*;*;200;*;175;360;*;135;*;*
29067 Málaga;Sección 2906706030;*;*;90;*;*;105;*;*;*;*
29067 Málaga;Sección 2906706031;*;*;*;*;100;125;*;*;*;*
29067 Málaga;Sección 2906706032;*;*;*;*;*;150;*;*;*;*
29067 Málaga;Sección 2906706033;*;*;*;*;105;115;*;*;*;*
29067 Málaga;Sección 2906706034;*;*;*;*;*;275;*;*;*;100
29067 Málaga;Sección 2906706035;*;*;*;*;*;*;*;*;*;*
29067 Málaga;Sección 2906706036;*;*;*;*;*;110;*;*;*;*
29067 Málaga;Sección 2906706037;*;*;60;*;*;145;*;60;*;*
29067 Málaga;Sección 2906706038;*;*;*;*;*;110;*;*;*;*
29067 Málaga;Sección 2906706039;*;*;205;100;180;160;*;*;*;*
29067 Málaga;Sección 2906706040;*;*;95;*;*;*;*;*;*;*
29067 Málaga;Sección 2906706041;*;*;*;*;*;120;*;*;*;65
29067 Málaga;Sección 2906706042;*;*;*;*;75;95;*;*;*;*
29067 Málaga;Sección 2906706043;*;*;*;*;*;*;*;*;*;*
29067 Málaga;Sección 2906706044;*;*;*;*;*;190;*;90;*;*
29067 Málaga;Sección 2906706045;*;*;*;*;*;85;*;80;110;80
29067 Málaga;Sección 2906706046;*;*;*;*;90;145;*;*;70;85
29067 Málaga;Sección 2906706047;*;*;*;*;*;90;*;70;55;*
29067 Málaga;Sección 2906707001;*;*;*;*;*;235;*;*;*;150
29067 Málaga;Sección 2906707002;*;*;*;*;*;100;*;*;*;*
29067 Málaga;Sección 2906707003;*;*;*;*;*;*;*;70;*;*
29067 Málaga;Sección 2906707004;*;*;*;*;*;120;*;*;*;135
29067 Málaga;Sección 2906707005;*;*;100;120;*;145;*;95;*;*
29067 Málaga;Sección 2906707006;*;*;*;*;*;65;*;*;*;*
29067 Málaga;Sección 2906707008;*;*;*;*;*;*;*;*;*;240
29067 Málaga;Sección 2906707009;*;*;130;80;*;165;*;*;*;*
29067 Málaga;Sección 2906707010;*;*;*;*;*;250;*;*;*;*
29067 Málaga;Sección 2906707011;*;*;120;*;*;105;*;*;*;85
29067 Málaga;Sección 2906707012;*;*;*;*;*;*;*;*;*;*
29067 Málaga;Sección 2906707013;*;*;*;*;*;100;*;*;*;*
29067 Málaga;Sección 2906707014;*;*;*;*;95;*;*;*;*;*
29067 Málaga;Sección 2906707015;*;*;*;100;*;*;*;*;*;*
29067 Málaga;Sección 2906707016;*;*;95;*;*;*;*;*;*;*
29067 Málaga;Sección 2906707017;*;*;*;*;90;210;*;*;*;*
29067 Málaga;Sección 2906707018;*;*;80;120;*;*;*;*;*;*
29067 Málaga;Sección 2906707019;*;*;*;*;*;245;*;*;*;*
29067 Málaga;Sección 2906707020;*;*;*;*;*;*;*;*;*;*
29067 Málaga;Sección 2906707021;*;*;*;*;*;*;*;*;*;*
29067 Málaga;Sección 2906707022;*;*;*;*;*;*;*;*;*;140
29067 Málaga;Sección 2906707023;*;*;*;*;130;160;*;*;*;170
29067 Málaga;Sección 2906707025;*;*;*;*;*;*;*;*;*;*
29067 Málaga;Sección 2906707026;*;*;*;*;*;*;*;*;*;*
29067 Málaga;Sección 2906707027;*;80;275;*;*;105;*;*;*;*
29067 Málaga;Sección 2906707028;*;*;*;*;*;*;*;*;*;135
29067 Málaga;Sección 2906707029;*;*;*;*;*;*;*;*;*;*
29067 Málaga;Sección 2906707030;*;*;125;125;140;290;*;*;140;90
29067 Málaga;Sección 2906707031;*;*;*;*;*;90;*;*;*;*
29067 Málaga;Sección 2906707032;*;*;*;*;*;115;*;*;*;*
29067 Málaga;Sección 2906707033;*;*;*;*;75;135;*;*;*;*
29067 Málaga;Sección 2906707034;*;*;135;*;145;350;*;*;*;*
29067 Málaga;Sección 2906707035;*;*;*;*;*;355;*;*;*;*
29067 Málaga;Sección 2906707037;*;*;65;*;*;*;*;*;*;*
29067 Málaga;Sección 2906707039;*;*;*;*;85;90;*;*;*;*
29067 Málaga;Sección 2906707040;*;*;70;*;*;*;*;65;*;*
29067 Málaga;Sección 2906707041;*;*;*;60;*;175;*;*;*;*
29067 Málaga;Sección 2906707042;*;*;*;*;*;*;*;*;*;*
29067 Málaga;Sección 2906707043;*;*;95;*;100;155;*;*;70;*
29067 Málaga;Sección 2906707044;*;*;*;*;95;95;*;*;*;*
29067 Málaga;Sección 2906707045;*;*;*;*;*;50;*;*;*;65
29067 Málaga;Sección 2906707046;*;*;*;*;95;180;*;115;*;*
29067 Málaga;Sección 2906707047;*;*;*;*;*;*;*;*;*;*
29067 Málaga;Sección 2906707048;*;*;*;*;105;255;*;100;*;205
29067 Málaga;Sección 2906707049;*;*;*;*;*;80;*;*;*;70
29067 Málaga;Sección 2906707050;*;*;*;*;*;140;*;*;*;*
29067 Málaga;Sección 2906707051;*;*;*;*;*;105;*;*;*;*
29067 Málaga;Sección 2906707052;*;*;*;*;*;*;*;*;*;*
29067 Málaga;Sección 2906707053;*;*;*;*;*;185;*;*;*;90
29067 Málaga;Sección 2906707054;*;*;*;*;*;*;*;*;*;*
29067 Málaga;Sección 2906707055;*;*;*;*;*;105;*;*;*;*
29067 Málaga;Sección 2906707056;*;*;*;55;*;*;*;*;*;*
29067 Málaga;Sección 2906707057;*;*;*;*;*;95;*;*;*;115
29067 Málaga;Sección 2906707058;*;*;90;*;*;100;*;*;*;*
29067 Málaga;Sección 2906707059;*;*;*;*;*;185;*;*;*;*
29067 Málaga;Sección 2906707060;*;*;*;*;*;*;*;*;*;*
29067 Málaga;Sección 2906707061;*;*;*;*;*;130;*;*;*;*
29067 Málaga;Sección 2906707062;*;*;*;*;*;*;*;*;*;*
29067 Málaga;Sección 2906707064;*;*;*;*;*;*;*;*;*;*
29067 Málaga;Sección 2906707065;*;*;*;*;*;*;*;*;125;85
29067 Málaga;Sección 2906707066;*;*;*;*;*;60;*;*;*;85
29067 Málaga;Sección 2906707067;*;*;*;*;95;120;*;85;*;*
29067 Málaga;Sección 2906707068;*;*;*;*;*;135;*;*;*;*
29067 Málaga;Sección 2906707069;*;*;95;*;*;60;*;*;*;*
29067 Málaga;Sección 2906707070;*;*;100;80;*;70;*;*;*;85
29067 Málaga;Sección 2906707071;*;*;80;*;120;140;*;*;75;*
29067 Málaga;Sección 2906707072;*;*;215;95;130;215;*;*;*;*
29067 Málaga;Sección 2906707073;*;*;*;*;*;55;*;*;*;*
29067 Málaga;Sección 2906707074;*;*;150;90;75;*;*;*;*;*
29067 Málaga;Sección 2906707075;*;*;95;*;80;75;*;*;*;*
29067 Málaga;Sección 2906707076;*;*;50;80;*;170;*;95;*;*
29067 Málaga;Sección 2906707077;*;*;*;*;*;160;*;130;*;145
29067 Málaga;Sección 2906707078;*;*;*;75;60;120;*;*;*;*
29067 Málaga;Sección 2906707079;*;*;*;*;*;170;*;70;*;*
29067 Málaga;Sección 2906707080;*;*;*;*;65;*;*;*;*;*
29067 Málaga;Sección 2906707081;*;*;*;*;*;*;*;*;*;*
29067 Málaga;Sección 2906707082;*;*;100;110;160;175;*;*;125;110
29067 Málaga;Sección 2906707083;*;*;*;*;*;*;*;*;*;50
29067 Málaga;Sección 2906707084;*;*;*;*;70;70;*;*;*;*
29067 Málaga;Sección 2906707085;*;*;50;55;*;*;*;*;*;*
29067 Málaga;Sección 2906707086;*;*;145;*;*;160;*;*;*;*
29067 Málaga;Sección 2906707087;*;*;60;75;70;105;*;*;*;*
29067 Málaga;Sección 2906707088;*;*;*;*;*;110;*;*;*;*
29067 Málaga;Sección 2906707089;*;*;85;90;55;150;*;55;*;*
29067 Málaga;Sección 2906707090;*;*;55;55;110;125;*;60;115;*
29067 Málaga;Sección 2906707091;*;*;85;75;125;255;*;*;*;*
29067 Málaga;Sección 2906707092;*;*;185;180;290;405;*;100;120;190
29067 Málaga;Sección 2906707093;*;*;130;*;70;*;*;*;*;*
29067 Málaga;Sección 2906707094;*;*;*;*;*;160;*;*;*;80
29067 Málaga;Sección 2906708001;*;*;120;*;90;220;*;*;*;*
29067 Málaga;Sección 2906708002;*;*;80;*;*;120;*;*;*;*
29067 Málaga;Sección 2906708003;*;*;120;75;100;*;*;*;*;80
29067 Málaga;Sección 2906708004;*;*;*;*;*;80;*;*;*;55
29067 Málaga;Sección 2906708005;*;*;*;*;*;*;*;*;*;*
29067 Málaga;Sección 2906708006;*;*;*;95;*;260;*;*;100;150
29067 Málaga;Sección 2906708007;*;*;95;120;125;65;*;80;65;95
29067 Málaga;Sección 2906708008;*;*;*;*;*;65;*;*;*;*
29067 Málaga;Sección 2906708009;*;*;*;*;*;*;*;*;*;90
29067 Málaga;Sección 2906708010;*;*;65;75;130;75;*;150;95;135
29067 Málaga;Sección 2906708011;*;*;*;*;*;145;*;195;*;70
29067 Málaga;Sección 2906708012;*;*;*;*;*;140;*;105;*;*
29067 Málaga;Sección 2906708013;*;*;*;*;*;100;*;130;115;215
29067 Málaga;Sección 2906708014;*;*;*;*;*;85;*;*;*;*
29067 Málaga;Sección 2906708015;*;*;*;*;*;*;*;50;*;*
29067 Málaga;Sección 2906708016;*;*;*;*;*;*;*;*;*;*
29067 Málaga;Sección 2906708017;*;*;*;*;*;115;*;*;*;*
29067 Málaga;Sección 2906708018;*;*;245;115;140;160;*;*;80;80
29067 Málaga;Sección 2906708019;*;*;*;*;*;50;*;65;*;*
29067 Málaga;Sección 2906708020;*;*;*;*;150;*;*;*;*;*
29067 Málaga;Sección 2906708021;*;*;*;70;80;120;*;*;*;55
29067 Málaga;Sección 2906708022;*;*;*;*;*;*;*;*;*;*
29067 Málaga;Sección 2906708023;*;*;*;*;*;*;*;*;*;*
29067 Málaga;Sección 2906708024;*;*;*;*;*;105;*;*;*;100
29067 Málaga;Sección 2906708025;*;*;*;*;85;215;*;*;*;*
29067 Málaga;Sección 2906708026;*;*;*;*;130;185;*;*;*;95
29067 Málaga;Sección 2906708027;*;*;*;*;*;135;*;*;*;*
29067 Málaga;Sección 2906708028;*;*;*;60;*;75;*;80;75;70
29067 Málaga;Sección 2906708029;*;*;170;150;75;105;*;*;*;130
29067 Málaga;Sección 2906708030;*;*;200;85;115;70;*;*;*;*
29067 Málaga;Sección 2906708031;*;*;90;*;190;110;*;*;*;160
29067 Málaga;Sección 2906708032;*;*;*;*;*;*;*;*;*;*
29067 Málaga;Sección 2906708033;*;90;305;95;255;170;*;95;*;105
29067 Málaga;Sección 2906708034;*;*;195;*;110;140;*;*;*;*
29067 Málaga;Sección 2906708035;*;*;90;105;250;170;*;120;90;165
29067 Málaga;Sección 2906708036;*;*;*;*;70;135;*;65;*;80
29067 Málaga;Sección 2906708037;*;*;185;*;65;*;*;*;*;95
29067 Málaga;Sección 2906708039;*;*;*;*;50;245;*;*;*;145
29067 Málaga;Sección 2906708040;*;*;100;75;80;205;*;90;*;165
29067 Málaga;Sección 2906708041;*;*;*;*;105;130;*;*;*;*
29067 Málaga;Sección 2906708042;*;*;280;125;220;195;*;*;55;65
29067 Málaga;Sección 2906708043;*;80;370;255;190;165;*;65;170;*
29067 Málaga;Sección 2906708044;*;85;175;200;160;165;*;75;*;*
29067 Málaga;Sección 2906708045;*;*;*;85;*;70;*;*;*;*
29067 Málaga;Sección 2906708046;*;*;*;*;*;*;*;*;60;*
29067 Málaga;Sección 2906708047;*;*;*;75;*;105;*;*;*;*
29067 Málaga;Sección 2906708048;*;*;75;*;*;*;*;*;*;*
29067 Málaga;Sección 2906708049;*;*;*;*;85;105;*;*;*;145
29067 Málaga;Sección 2906708050;*;*;*;*;*;*;*;*;*;*
29067 Málaga;Sección 2906708051;*;*;*;70;*;*;*;*;*;*
29067 Málaga;Sección 2906708052;*;*;135;80;90;80;*;*;*;*
29067 Málaga;Sección 2906708053;*;*;*;*;90;155;*;*;185;*
29067 Málaga;Sección 2906708054;*;*;130;*;65;210;*;100;105;80
29067 Málaga;Sección 2906708055;*;*;65;*;90;220;*;75;*;*
29067 Málaga;Sección 2906708056;*;*;335;235;215;205;*;100;80;120
29067 Málaga;Sección 2906708057;*;*;255;125;170;180;*;*;*;*
29067 Málaga;Sección 2906708058;*;105;300;140;260;175;*;*;*;*
29067 Málaga;Sección 2906708059;*;*;400;125;170;130;*;*;*;*
29067 Málaga;Sección 2906708060;*;*;120;90;95;135;*;*;*;*
29067 Málaga;Sección 2906708061;*;*;275;280;170;340;*;105;90;*
29067 Málaga;Sección 2906708062;*;*;105;95;85;*;*;*;*;*
29067 Málaga;Sección 2906708063;*;*;230;140;190;215;*;55;*;*
29067 Málaga;Sección 2906708064;*;*;*;*;95;*;*;90;*;*
29067 Málaga;Sección 2906708065;*;*;270;240;90;495;*;250;115;215
29067 Málaga;Sección 2906709001;*;*;115;110;*;80;*;*;*;*
29067 Málaga;Sección 2906709002;*;*;60;*;*;*;*;*;*;*
29067 Málaga;Sección 2906709003;*;70;310;*;135;135;*;*;*;*
29067 Málaga;Sección 2906709004;*;*;190;130;115;155;*;*;*;*
29067 Málaga;Sección 2906709005;*;*;*;*;*;*;*;*;*;*
29067 Málaga;Sección 2906709006;*;*;265;*;75;*;*;*;*;*
29067 Málaga;Sección 2906709007;*;110;350;105;80;85;*;*;*;*
29067 Málaga;Sección 2906709008;*;*;*;*;*;*;*;*;*;*
29067 Málaga;Sección 2906709009;*;*;*;*;65;*;*;*;*;*
29067 Málaga;Sección 2906709010;*;110;*;*;*;135;*;*;*;*
29067 Málaga;Sección 2906709011;*;*;*;*;80;230;*;110;65;110
29067 Málaga;Sección 2906709012;*;*;*;*;*;125;*;*;*;150
29067 Málaga;Sección 2906709013;*;*;85;*;*;135;*;*;*;*
29067 Málaga;Sección 2906709014;*;*;*;*;*;140;*;*;*;*
29067 Málaga;Sección 2906709015;*;*;*;*;*;215;*;*;*;*
29067 Málaga;Sección 2906709016;*;*;*;*;*;110;*;*;*;*
29067 Málaga;Sección 2906709017;*;*;*;*;*;*;*;*;*;75
29067 Málaga;Sección 2906709018;*;*;*;*;*;85;*;*;*;*
29067 Málaga;Sección 2906709019;*;*;*;*;*;90;*;*;*;*
29067 Málaga;Sección 2906709020;*;*;*;*;*;*;*;*;*;*
29067 Málaga;Sección 2906709021;*;*;*;*;*;*;*;*;*;*
29067 Málaga;Sección 2906709022;*;*;*;*;*;*;*;90;*;225
29067 Málaga;Sección 2906709023;*;*;*;*;140;130;*;*;*;*
29067 Málaga;Sección 2906709024;*;*;*;*;*;*;*;*;*;*
29067 Málaga;Sección 2906709025;*;*;*;*;*;*;*;*;*;*
29067 Málaga;Sección 2906709026;*;*;*;*;*;110;*;*;*;*
29067 Málaga;Sección 2906709027;*;*;*;*;*;*;*;*;*;*
29067 Málaga;Sección 2906709028;*;*;105;*;90;105;*;*;*;*
29067 Málaga;Sección 2906709029;*;*;*;*;*;*;*;*;*;*
29067 Málaga;Sección 2906709030;*;*;*;*;*;*;*;*;*;*
29067 Málaga;Sección 2906709031;*;*;*;*;*;*;*;*;*;*
29067 Málaga;Sección 2906709032;*;*;*;*;*;*;*;*;*;*
29067 Málaga;Sección 2906709033;*;*;50;*;*;105;*;*;*;*
29067 Málaga;Sección 2906709034;*;*;*;*;*;135;*;*;*;*
29067 Málaga;Sección 2906709036;*;*;85;*;105;345;*;*;*;105
29067 Málaga;Sección 2906709037;*;*;*;*;110;155;*;*;*;*
29067 Málaga;Sección 2906709038;*;*;100;75;90;85;*;*;*;*
29067 Málaga;Sección 2906709039;*;*;95;*;*;*;*;*;*;*
29067 Málaga;Sección 2906709040;*;*;130;*;*;*;*;*;*;120
29067 Málaga;Sección 2906709041;*;*;*;*;*;*;*;*;*;85
29067 Málaga;Sección 2906709042;*;*;*;*;*;*;*;*;*;95
29067 Málaga;Sección 2906709043;*;*;*;*;*;160;*;*;*;*
29067 Málaga;Sección 2906709044;*;*;*;*;*;65;*;*;*;*
29067 Málaga;Sección 2906709045;*;*;70;115;*;135;*;*;*;*
29067 Málaga;Sección 2906709046;*;*;95;100;*;*;*;*;*;*
29067 Málaga;Sección 2906709047;*;*;*;*;*;*;*;*;*;*
29067 Málaga;Sección 2906709048;*;*;*;*;*;*;*;*;*;*
29067 Málaga;Sección 2906709049;*;*;*;*;*;135;*;*;*;*
29067 Málaga;Sección 2906709050;*;*;*;*;*;250;*;*;90;55
29067 Málaga;Sección 2906709051;*;*;*;90;60;145;*;*;*;265
29067 Málaga;Sección 2906709052;*;*;245;*;185;70;*;*;*;75
29067 Málaga;Sección 2906709053;*;*;*;*;*;*;*;*;*;*
29067 Málaga;Sección 2906709055;*;*;70;60;80;*;*;*;*;*
29067 Málaga;Sección 2906709056;*;*;115;120;75;135;*;140;*;125
29067 Málaga;Sección 2906709057;*;*;*;*;*;*;*;*;*;*
29067 Málaga;Sección 2906709058;*;*;*;*;*;*;*;*;*;*
29067 Málaga;Sección 2906709059;*;*;*;115;*;75;*;*;*;*
29067 Málaga;Sección 2906709062;*;*;*;*;*;*;*;*;*;*
29067 Málaga;Sección 2906709063;*;*;60;*;*;*;*;*;*;*
29067 Málaga;Sección 2906709064;*;*;200;*;150;80;*;*;*;*
29067 Málaga;Sección 2906709065;*;*;*;*;*;*;*;*;*;*
29067 Málaga;Sección 2906709067;*;*;95;*;155;*;*;*;*;*
29067 Málaga;Sección 2906709068;*;*;205;*;*;*;*;*;*;*
29067 Málaga;Sección 2906709070;*;*;90;*;*;*;*;*;*;*
29067 Málaga;Sección 2906709071;*;*;*;*;*;*;*;*;*;*
29067 Málaga;Sección 2906709075;*;*;*;*;*;*;*;*;*;*
29067 Málaga;Sección 2906709076;*;*;60;75;*;55;*;*;*;*
29067 Málaga;Sección 2906709077;*;*;*;*;*;*;*;*;*;*
29067 Málaga;Sección 2906709078;*;*;90;*;80;*;*;*;*;*
29067 Málaga;Sección 2906709079;*;*;100;*;90;*;*;*;*;*
29067 Málaga;Sección 2906709080;*;*;140;*;100;*;*;*;*;*
29067 Málaga;Sección 2906709082;*;*;*;*;*;100;*;*;*;*
29067 Málaga;Sección 2906709083;*;*;150;95;95;125;*;*;*;*
29067 Málaga;Sección 2906710001;*;*;*;140;75;170;*;95;*;250
29067 Málaga;Sección 2906710002;*;*;*;*;115;145;*;120;*;70
29067 Málaga;Sección 2906710003;*;*;580;205;150;95;*;*;*;*
29067 Málaga;Sección 2906710004;*;*;*;*;*;235;*;*;100;110
29067 Málaga;Sección 2906710005;*;*;*;*;*;100;*;*;*;*
29067 Málaga;Sección 2906710006;*;*;*;*;65;*;*;*;*;*
29067 Málaga;Sección 2906710007;*;*;*;*;*;*;*;*;*;*
29067 Málaga;Sección 2906710008;*;*;*;*;*;*;*;*;*;*
29067 Málaga;Sección 2906710009;*;*;*;*;60;130;*;*;*;80
29067 Málaga;Sección 2906710010;*;*;*;*;*;170;*;*;*;100
29067 Málaga;Sección 2906710011;*;*;*;*;*;*;*;*;*;*
29067 Málaga;Sección 2906710012;*;*;*;*;*;*;*;*;*;*
29067 Málaga;Sección 2906710013;*;*;*;*;*;*;*;*;*;110
29067 Málaga;Sección 2906710014;*;*;*;*;*;235;*;*;*;*
29067 Málaga;Sección 2906710015;*;*;*;*;*;*;*;*;*;*
29067 Málaga;Sección 2906710016;*;*;110;*;120;195;*;*;*;140
29067 Málaga;Sección 2906710017;*;*;*;*;*;100;*;*;*;100
29067 Málaga;Sección 2906710018;*;*;*;*;*;160;*;105;*;65
29067 Málaga;Sección 2906710019;*;*;105;85;125;160;*;*;*;*
29067 Málaga;Sección 2906710020;*;*;*;70;*;165;*;*;*;*
29067 Málaga;Sección 2906710021;*;*;65;*;75;95;*;55;*;70
29067 Málaga;Sección 2906710022;*;*;*;*;*;160;*;*;*;*
29067 Málaga;Sección 2906710023;*;*;70;*;195;155;*;70;*;*
29067 Málaga;Sección 2906710024;*;*;*;*;*;*;*;*;*;*
29067 Málaga;Sección 2906710026;*;*;50;*;130;95;*;100;*;*
29067 Málaga;Sección 2906710027;*;*;*;*;*;*;*;*;*;*
29067 Málaga;Sección 2906710028;*;*;*;*;*;70;*;*;*;160
29067 Málaga;Sección 2906710029;*;*;*;*;*;140;*;*;*;*
29067 Málaga;Sección 2906710030;*;*;*;*;*;*;*;*;*;*
29067 Málaga;Sección 2906710031;*;*;75;*;*;115;*;90;*;*
29067 Málaga;Sección 2906710032;*;*;*;*;60;85;*;*;*;*
29067 Málaga;Sección 2906710033;*;*;*;*;*;170;*;*;*;*
29067 Málaga;Sección 2906710034;*;*;175;50;210;185;*;50;70;140
29067 Málaga;Sección 2906710035;*;*;*;*;*;195;*;90;*;*
29067 Málaga;Sección 2906710036;*;*;*;80;*;*;*;*;*;*
29067 Málaga;Sección 2906710037;*;*;*;*;*;85;*;*;*;*
29067 Málaga;Sección 2906710038;*;*;*;*;*;*;*;*;*;60
29067 Málaga;Sección 2906710039;*;*;*;*;95;*;*;*;*;*
29067 Málaga;Sección 2906710040;*;*;55;*;*;165;*;*;*;*
29067 Málaga;Sección 2906710041;*;*;*;*;*;*;*;75;*;*
29067 Málaga;Sección 2906710042;*;*;*;*;*;*;*;*;*;*
29067 Málaga;Sección 2906710043;*;*;*;75;50;75;*;65;*;50
29067 Málaga;Sección 2906710044;*;*;*;*;*;75;*;*;*;*
29067 Málaga;Sección 2906710045;*;*;*;*;*;*;*;*;*;*
29067 Málaga;Sección 2906710046;*;*;80;*;75;*;*;*;*;*
29067 Málaga;Sección 2906710047;*;*;*;*;*;105;*;*;*;*
29067 Málaga;Sección 2906710048;*;*;*;*;*;75;*;*;*;80
29067 Málaga;Sección 2906710049;*;*;*;*;*;205;*;*;*;70
29067 Málaga;Sección 2906710050;*;*;*;125;65;150;*;*;*;*
29067 Málaga;Sección 2906710051;*;*;*;*;50;50;*;*;*;*
29067 Málaga;Sección 2906710052;*;*;110;80;115;135;*;70;*;*
29067 Málaga;Sección 2906710053;*;*;*;*;*;60;*;*;*;*
29067 Málaga;Sección 2906710054;*;*;*;*;*;*;*;*;*;*
29067 Málaga;Sección 2906710055;*;*;*;*;*;*;*;*;*;65
29067 Málaga;Sección 2906710056;*;*;200;*;110;90;*;*;*;*
29067 Málaga;Sección 2906710057;*;*;170;95;*;95;*;*;*;*
29067 Málaga;Sección 2906710058;*;*;*;*;*;65;*;*;*;*
29067 Málaga;Sección 2906710059;*;*;*;*;*;60;*;*;*;145
29067 Málaga;Sección 2906710060;*;*;*;*;*;110;*;*;*;*
29067 Málaga;Sección 2906710061;*;*;*;*;*;*;*;*;*;50
29067 Málaga;Sección 2906710062;*;*;80;*;70;130;*;*;*;*
29067 Málaga;Sección 2906710063;*;*;*;*;*;145;*;*;*;55
29067 Málaga;Sección 2906710064;*;*;115;*;*;210;*;*;*;*
29067 Málaga;Sección 2906710065;*;*;*;*;*;90;*;*;*;*
29067 Málaga;Sección 2906710066;*;*;225;205;140;150;*;80;*;65
29067 Málaga;Sección 2906710067;*;*;*;*;80;*;*;*;*;75
29067 Málaga;Sección 2906710068;*;*;60;105;150;160;*;65;55;*
29067 Málaga;Sección 2906710069;*;135;215;175;165;105;*;*;*;*
29067 Málaga;Sección 2906710070;*;*;290;155;180;230;*;*;*;*
29067 Málaga;Sección 2906710071;*;*;130;70;*;145;*;85;*;*
29067 Málaga;Sección 2906710072;*;*;190;125;115;215;*;*;125;*
29067 Málaga;Sección 2906711001;*;*;*;*;115;*;*;*;*;*
29067 Málaga;Sección 2906711002;*;*;75;85;195;300;*;*;*;80
29067 Málaga;Sección 2906711003;*;*;75;75;95;440;*;95;*;70
29067 Málaga;Sección 2906711004;*;*;110;150;75;105;*;60;*;*
29067 Málaga;Sección 2906711005;*;*;*;*;*;130;*;*;*;95
29067 Málaga;Sección 2906711006;*;*;*;*;105;245;*;105;125;85
29067 Málaga;Sección 2906711007;*;*;235;105;110;190;*;105;85;110
29067 Málaga;Sección 2906711008;*;110;215;130;230;460;*;*;*;*
29067 Málaga;Sección 2906711009;*;*;*;*;*;185;*;*;*;*
29067 Málaga;Sección 2906711010;*;*;70;*;125;130;*;70;*;*
