Municipio de residencia;Distrito de residencia;Seccion de residencia;Hogar con una mujer sola menor de 65 años;Hogar con un hombre solo menor de 65 años;Hogar con una mujer sola de 65 años o más;Hogar con un hombre solo de 65 años o más;Hogar con padre o madre que convive con algún hijo menor de 25 años;Hogar con padre o madre que convive con todos sus hijos de 25 años o más;Hogar formado por pareja sin hijos;Hogar formado por pareja con hijos en donde algún hijo es menor de 25 años;Hogar formado por pareja con hijos en donde todos los hijos de 25 años o más;Hogar formado por pareja o padre/madre que convive con algún hijo menor de 25 años y otra(s) persona(s);Otro tipo de hogar
29067 Málaga;Distrito 2906701;Sección 2906701001;150;325;*;*;*;*;85;*;*;*;*
29067 Málaga;Distrito 2906701;Sección 2906701002;*;*;80;*;*;*;215;*;*;*;*
29067 Málaga;Distrito 2906701;Sección 2906701003;*;*;145;*;*;*;80;125;30;*;85
29067 Málaga;Distrito 2906701;Sección 2906701004;105;*;70;*;*;*;60;*;*;*;90
29067 Málaga;Distrito 2906702;Sección 2906702001;*;*;*;*;*;*;85;*;*;*;*
29067 Málaga;Distrito 2906702;Sección 2906702002;*;*;100;*;*;95;75;*;*;*;60
29067 Málaga;Distrito 2906702;Sección 2906702003;*;*;*;*;*;*;85;350;*;*;*
29067 Málaga;Distrito 2906702;Sección 2906702004;*;*;*;*;*;*;90;255;*;*;*
29067 Málaga;Distrito 2906702;Sección 2906702005;*;*;75;*;*;*;*;*;*;*;*
29067 Málaga;Distrito 2906702;Sección 2906702006;150;*;*;*;*;*;150;115;*;*;*
29067 Málaga;Distrito 2906702;Sección 2906702007;*;*;*;*;*;*;*;125;70;*;*
29067 Málaga;Distrito 2906702;Sección 2906702008;*;*;*;*;*;*;80;115;*;*;*
29067 Málaga;Distrito 2906702;Sección 2906702009;*;*;*;*;*;*;80;135;100;*;65
29067 Málaga;Distrito 2906702;Sección 2906702010;*;*;*;*;*;*;*;*;*;*;*
29067 Málaga;Distrito 2906702;Sección 2906702011;*;*;*;*;*;*;145;*;*;55;*
29067 Málaga;Distrito 2906702;Sección 2906702012;*;*;65;*;*;*;145;*;*;*;*
29067 Málaga;Distrito 2906702;Sección 2906702013;*;*;*;*;60;*;140;190;*;*;*
29067 Málaga;Distrito 2906702;Sección 2906702014;*;*;*;*;*;*;*;75;*;*;*
29067 Málaga;Distrito 2906702;Sección 2906702015;*;*;65;*;*;*;55;80;*;*;*
29067 Málaga;Distrito 2906702;Sección 2906702016;*;*;*;*;*;*;*;155;*;*;*
29067 Málaga;Distrito 2906702;Sección 2906702017;*;*;*;*;*;55;85;350;95;*;*
29067 Málaga;Distrito 2906702;Sección 2906702018;*;*;*;*;*;*;55;90;*;*;*
29067 Málaga;Distrito 2906702;Sección 2906702019;*;*;*;*;*;*;*;85;*;*;*
29067 Málaga;Distrito 2906702;Sección 2906702020;*;*;105;*;90;75;60;*;*;*;*
29067 Málaga;Distrito 2906702;Sección 2906702021;*;*;*;*;*;*;50;90;*;*;*
29067 Málaga;Distrito 2906702;Sección 2906702022;*;*;*;*;*;*;*;170;*;*;*
29067 Málaga;Distrito 2906702;Sección 2906702023;*;*;*;*;*;*;160;185;*;*;*
29067 Málaga;Distrito 2906702;Sección 2906702024;*;*;105;*;*;*;95;180;*;*;*
29067 Málaga;Distrito 2906702;Sección 2906702025;*;*;*;*;*;*;*;95;*;*;*
29067 Málaga;Distrito 2906702;Sección 2906702026;*;*;*;*;*;*;100;365;*;80;*
29067 Málaga;Distrito 2906702;Sección 2906702027;*;*;55;*;*;*;80;155;*;*;*
29067 Málaga;Distrito 2906702;Sección 2906702028;*;*;105;*;*;*;70;70;80;*;*
29067 Málaga;Distrito 2906702;Sección 2906702029;*;*;*;*;*;*;85;125;*;*;*
29067 Málaga;Distrito 2906702;Sección 2906702030;*;*;*;*;*;*;75;355;75;*;*
29067 Málaga;Distrito 2906702;Sección 2906702031;*;*;*;*;*;*;*;*;*;*;*
29067 Málaga;Distrito 2906702;Sección 2906702032;70;*;70;*;*;*;60;110;*;*;*
29067 Málaga;Distrito 2906702;Sección 2906702033;*;*;*;*;*;*;95;185;*;*;*
29067 Málaga;Distrito 2906702;Sección 2906702034;*;*;*;*;*;*;145;75;*;*;*
29067 Málaga;Distrito 2906702;Sección 2906702035;*;*;*;*;*;*;85;*;*;*;*
29067 Málaga;Distrito 2906702;Sección 2906702036;*;*;*;*;*;*;85;110;*;*;*
29067 Málaga;Distrito 2906702;Sección 2906702037;*;*;*;*;*;*;*;235;*;*;*
29067 Málaga;Distrito 2906702;Sección 2906702038;*;*;*;*;*;*;100;80;*;*;*
29067 Málaga;Distrito 2906702;Sección 2906702039;*;*;*;*;*;*;*;130;*;*;*
29067 Málaga;Distrito 2906702;Sección 2906702040;*;*;*;*;*;*;80;*;*;*;80
29067 Málaga;Distrito 2906702;Sección 2906702041;*;*;*;*;*;*;55;160;145;*;*
29067 Málaga;Distrito 2906702;Sección 2906702042;*;*;*;*;*;*;*;80;*;*;*
29067 Málaga;Distrito 2906702;Sección 2906702043;*;*;*;*;*;*;*;200;*;*;*
29067 Málaga;Distrito 2906702;Sección 2906702044;*;*;*;*;100;*;*;320;*;*;*
29067 Málaga;Distrito 2906702;Sección 2906702045;*;*;*;*;60;*;55;*;*;*;*
29067 Málaga;Distrito 2906702;Sección 2906702046;*;*;*;*;*;*;*;*;*;*;*
29067 Málaga;Distrito 2906702;Sección 2906702047;*;*;*;*;*;*;*;265;*;*;*
29067 Málaga;Distrito 2906702;Sección 2906702048;*;*;*;*;*;*;45;280;*;*;*
29067 Málaga;Distrito 2906702;Sección 2906702049;*;*;*;*;*;*;100;445;*;*;*
29067 Málaga;Distrito 2906702;Sección 2906702050;*;65;*;*;*;*;*;430;*;*;*
29067 Málaga;Distrito 2906703;Sección 2906703001;*;135;*;*;*;*;170;*;*;*;*
29067 Málaga;Distrito 2906703;Sección 2906703002;*;*;*;*;*;*;100;95;*;*;*
29067 Málaga;Distrito 2906703;Sección 2906703003;120;105;*;*;*;*;*;*;*;*;*
29067 Málaga;Distrito 2906704;Sección 2906704001;*;*;*;*;*;*;*;*;*;*;*
29067 Málaga;Distrito 2906704;Sección 2906704002;115;*;*;*;*;*;90;110;*;*;*
29067 Málaga;Distrito 2906704;Sección 2906704003;*;*;*;*;*;*;*;*;*;*;*
29067 Málaga;Distrito 2906704;Sección 2906704004;*;*;*;*;*;60;35;115;*;*;*
29067 Málaga;Distrito 2906704;Sección 2906704005;*;*;*;*;*;*;*;80;*;*;*
29067 Málaga;Distrito 2906704;Sección 2906704006;*;*;*;*;*;*;*;100;*;*;*
29067 Málaga;Distrito 2906704;Sección 2906704007;*;*;*;*;*;*;200;75;*;*;*
29067 Málaga;Distrito 2906704;Sección 2906704008;*;*;85;*;*;*;130;50;*;*;*
29067 Málaga;Distrito 2906704;Sección 2906704009;*;*;125;*;*;*;160;100;*;*;*
29067 Málaga;Distrito 2906704;Sección 2906704010;*;*;*;*;*;*;*;130;65;*;*
29067 Málaga;Distrito 2906704;Sección 2906704011;*;*;*;*;*;*;130;*;145;*;*
29067 Málaga;Distrito 2906704;Sección 2906704012;*;*;*;*;*;*;90;*;*;*;*
29067 Málaga;Distrito 2906704;Sección 2906704013;*;*;75;*;*;*;65;140;*;*;*
29067 Málaga;Distrito 2906704;Sección 2906704014;*;*;*;*;*;*;40;*;*;*;*
29067 Málaga;Distrito 2906704;Sección 2906704015;*;*;*;*;*;*;50;*;*;*;*
29067 Málaga;Distrito 2906705;Sección 2906705001;*;*;*;*;*;*;*;*;*;*;*
29067 Málaga;Distrito 2906705;Sección 2906705002;100;175;*;*;145;*;190;115;*;*;90
29067 Málaga;Distrito 2906705;Sección 2906705003;*;*;*;*;*;*;165;95;*;*;*
29067 Málaga;Distrito 2906706;Sección 2906706001;*;*;*;*;65;*;235;440;*;*;*
29067 Málaga;Distrito 2906706;Sección 2906706002;*;*;*;*;60;*;95;195;*;*;*
29067 Málaga;Distrito 2906706;Sección 2906706003;*;*;95;*;*;*;*;*;*;*;*
29067 Málaga;Distrito 2906706;Sección 2906706004;*;*;*;*;*;*;*;135;*;*;*
29067 Málaga;Distrito 2906706;Sección 2906706005;*;*;*;*;*;*;185;110;*;*;*
29067 Málaga;Distrito 2906706;Sección 2906706006;*;*;*;*;*;*;*;75;55;*;*
29067 Málaga;Distrito 2906706;Sección 2906706007;*;*;*;*;*;*;100;155;*;*;*
29067 Málaga;Distrito 2906706;Sección 2906706008;*;*;110;*;*;*;*;90;*;*;*
29067 Málaga;Distrito 2906706;Sección 2906706009;*;70;*;*;*;*;*;95;*;*;*
29067 Málaga;Distrito 2906706;Sección 2906706010;*;*;65;*;70;*;100;*;*;*;*
29067 Málaga;Distrito 2906706;Sección 2906706011;*;*;*;*;*;*;*;70;*;*;*
29067 Málaga;Distrito 2906706;Sección 2906706012;70;*;*;*;*;*;115;110;*;*;*
29067 Málaga;Distrito 2906706;Sección 2906706013;95;*;55;*;*;*;75;230;*;80;*
29067 Málaga;Distrito 2906706;Sección 2906706015;*;*;*;*;*;*;70;*;*;*;*
29067 Málaga;Distrito 2906706;Sección 2906706016;*;*;145;*;*;*;*;150;*;*;*
29067 Málaga;Distrito 2906706;Sección 2906706017;*;*;*;*;*;*;120;130;*;*;*
29067 Málaga;Distrito 2906706;Sección 2906706018;*;*;*;*;*;*;55;*;*;*;*
29067 Málaga;Distrito 2906706;Sección 2906706019;*;*;*;*;115;*;95;135;*;125;55
29067 Málaga;Distrito 2906706;Sección 2906706020;*;*;105;*;*;*;110;120;*;*;*
29067 Málaga;Distrito 2906706;Sección 2906706021;*;*;*;*;*;*;*;115;*;*;*
29067 Málaga;Distrito 2906706;Sección 2906706022;*;*;*;*;*;*;140;*;*;115;*
29067 Málaga;Distrito 2906706;Sección 2906706023;*;*;*;*;*;*;105;120;*;*;*
29067 Málaga;Distrito 2906706;Sección 2906706024;155;100;*;*;*;*;125;265;*;*;150
29067 Málaga;Distrito 2906706;Sección 2906706025;*;*;*;*;*;*;165;195;*;*;*
29067 Málaga;Distrito 2906706;Sección 2906706026;*;*;*;*;70;*;75;*;*;*;*
29067 Málaga;Distrito 2906706;Sección 2906706027;*;*;*;*;*;*;*;90;*;*;*
29067 Málaga;Distrito 2906706;Sección 2906706028;*;*;80;*;*;70;*;*;*;*;*
29067 Málaga;Distrito 2906706;Sección 2906706029;*;*;*;*;*;*;155;440;80;*;*
29067 Málaga;Distrito 2906706;Sección 2906706030;*;*;*;*;*;*;95;100;*;*;*
29067 Málaga;Distrito 2906706;Sección 2906706031;*;*;70;*;*;*;80;135;*;*;*
29067 Málaga;Distrito 2906706;Sección 2906706032;*;*;*;*;*;*;*;85;55;*;*
29067 Málaga;Distrito 2906706;Sección 2906706033;70;*;*;*;*;*;110;60;*;*;*
29067 Málaga;Distrito 2906706;Sección 2906706034;*;*;*;*;*;*;65;135;*;*;*
29067 Málaga;Distrito 2906706;Sección 2906706035;*;*;60;*;*;*;*;190;*;*;*
29067 Málaga;Distrito 2906706;Sección 2906706036;*;*;*;*;*;*;165;105;*;*;*
29067 Málaga;Distrito 2906706;Sección 2906706037;*;*;*;*;55;*;60;80;*;*;*
29067 Málaga;Distrito 2906706;Sección 2906706038;*;*;*;*;*;*;130;115;55;*;*
29067 Málaga;Distrito 2906706;Sección 2906706039;70;*;*;*;65;*;*;225;75;*;*
29067 Málaga;Distrito 2906706;Sección 2906706040;*;*;*;*;*;*;130;*;*;*;*
29067 Málaga;Distrito 2906706;Sección 2906706041;*;*;125;*;*;*;*;205;*;*;*
29067 Málaga;Distrito 2906706;Sección 2906706042;*;70;*;*;*;*;145;70;*;*;*
29067 Málaga;Distrito 2906706;Sección 2906706043;*;*;*;*;*;*;*;*;*;*;*
29067 Málaga;Distrito 2906706;Sección 2906706044;*;*;*;*;*;*;70;200;*;*;*
29067 Málaga;Distrito 2906706;Sección 2906706045;*;*;*;*;95;*;*;165;70;*;*
29067 Málaga;Distrito 2906706;Sección 2906706046;*;*;*;*;60;*;90;155;*;*;*
29067 Málaga;Distrito 2906706;Sección 2906706047;*;*;*;*;*;*;90;75;70;*;*
29067 Málaga;Distrito 2906707;Sección 2906707001;75;*;*;*;*;*;*;*;*;*;*
29067 Málaga;Distrito 2906707;Sección 2906707002;*;115;60;*;*;*;175;*;*;*;*
29067 Málaga;Distrito 2906707;Sección 2906707003;*;*;*;*;*;*;*;195;*;*;*
29067 Málaga;Distrito 2906707;Sección 2906707004;*;*;*;*;*;*;120;80;*;*;*
29067 Málaga;Distrito 2906707;Sección 2906707005;70;*;*;*;*;*;70;230;*;*;*
29067 Málaga;Distrito 2906707;Sección 2906707006;60;95;*;*;*;*;*;*;*;*;*
29067 Málaga;Distrito 2906707;Sección 2906707008;*;*;*;*;*;*;*;*;*;*;*
29067 Málaga;Distrito 2906707;Sección 2906707009;*;*;85;*;*;*;185;125;*;*;*
29067 Málaga;Distrito 2906707;Sección 2906707010;*;*;115;*;*;*;120;90;*;*;*
29067 Málaga;Distrito 2906707;Sección 2906707011;125;*;*;*;*;*;120;165;*;*;*
29067 Málaga;Distrito 2906707;Sección 2906707012;*;*;*;*;*;*;*;*;*;*;*
29067 Málaga;Distrito 2906707;Sección 2906707013;*;*;70;*;*;*;55;110;*;*;*
29067 Málaga;Distrito 2906707;Sección 2906707014;*;*;*;*;*;*;*;65;*;*;*
29067 Málaga;Distrito 2906707;Sección 2906707015;*;*;*;*;*;55;*;*;*;*;*
29067 Málaga;Distrito 2906707;Sección 2906707016;*;*;120;*;70;*;65;150;*;*;60
29067 Málaga;Distrito 2906707;Sección 2906707017;*;*;190;*;*;195;*;165;80;*;*
29067 Málaga;Distrito 2906707;Sección 2906707018;*;*;*;*;*;*;180;*;*;*;*
29067 Málaga;Distrito 2906707;Sección 2906707019;*;*;*;*;*;*;*;130;*;*;*
29067 Málaga;Distrito 2906707;Sección 2906707020;*;*;*;*;*;*;*;*;*;*;*
29067 Málaga;Distrito 2906707;Sección 2906707021;*;*;*;*;*;*;*;*;*;*;*
29067 Málaga;Distrito 2906707;Sección 2906707022;*;*;*;*;*;*;65;*;*;*;*
29067 Málaga;Distrito 2906707;Sección 2906707023;*;170;*;*;130;*;125;170;*;*;*
29067 Málaga;Distrito 2906707;Sección 2906707025;*;*;*;*;*;*;*;*;*;*;*
29067 Málaga;Distrito 2906707;Sección 2906707026;*;*;*;*;*;*;*;*;*;*;*
29067 Málaga;Distrito 2906707;Sección 2906707027;*;*;*;*;*;*;*;225;100;*;*
29067 Málaga;Distrito 2906707;Sección 2906707028;*;*;*;*;*;*;*;245;*;*;*
29067 Málaga;Distrito 2906707;Sección 2906707029;*;*;*;*;*;*;*;*;*;*;*
29067 Málaga;Distrito 2906707;Sección 2906707030;65;*;95;*;65;*;135;480;95;*;50
29067 Málaga;Distrito 2906707;Sección 2906707031;*;*;*;*;*;*;95;*;*;*;*
29067 Málaga;Distrito 2906707;Sección 2906707032;*;*;90;*;*;*;*;*;*;*;*
29067 Málaga;Distrito 2906707;Sección 2906707033;85;*;*;*;*;*;125;*;*;*;*
29067 Málaga;Distrito 2906707;Sección 2906707034;85;135;*;*;*;*;190;165;70;*;85
29067 Málaga;Distrito 2906707;Sección 2906707035;*;*;*;*;*;*;175;75;*;100;130
29067 Málaga;Distrito 2906707;Sección 2906707037;*;*;110;*;*;*;130;95;60;*;*
29067 Málaga;Distrito 2906707;Sección 2906707039;*;*;*;*;*;*;*;120;100;*;*
29067 Málaga;Distrito 2906707;Sección 2906707040;*;*;*;*;*;*;120;70;*;*;*
29067 Málaga;Distrito 2906707;Sección 2906707041;*;*;90;*;*;*;60;80;*;*;*
29067 Málaga;Distrito 2906707;Sección 2906707042;*;*;*;*;*;*;65;45;*;*;*
29067 Málaga;Distrito 2906707;Sección 2906707043;110;*;*;*;*;*;85;210;*;*;*
29067 Málaga;Distrito 2906707;Sección 2906707044;*;*;*;*;*;*;90;70;*;*;*
29067 Málaga;Distrito 2906707;Sección 2906707045;*;*;*;*;*;*;95;75;*;*;*
29067 Málaga;Distrito 2906707;Sección 2906707046;*;*;*;*;*;*;*;270;*;*;*
29067 Málaga;Distrito 2906707;Sección 2906707047;*;*;*;*;*;*;*;*;*;*;*
29067 Málaga;Distrito 2906707;Sección 2906707048;*;*;*;*;*;*;205;385;*;*;*
29067 Málaga;Distrito 2906707;Sección 2906707049;*;*;*;*;*;*;*;80;*;*;*
29067 Málaga;Distrito 2906707;Sección 2906707050;*;*;*;*;*;*;*;210;*;*;*
29067 Málaga;Distrito 2906707;Sección 2906707051;*;*;105;*;*;*;100;455;*;*;*
29067 Málaga;Distrito 2906707;Sección 2906707052;*;*;*;*;*;*;135;*;*;*;*
29067 Málaga;Distrito 2906707;Sección 2906707053;*;*;*;*;*;*;*;175;*;*;*
29067 Málaga;Distrito 2906707;Sección 2906707054;*;*;*;*;*;*;*;170;*;*;*
29067 Málaga;Distrito 2906707;Sección 2906707055;100;*;*;*;*;*;65;160;*;*;*
29067 Málaga;Distrito 2906707;Sección 2906707056;*;*;*;*;*;*;*;65;*;*;*
29067 Málaga;Distrito 2906707;Sección 2906707057;*;*;*;*;*;*;70;160;*;*;*
29067 Málaga;Distrito 2906707;Sección 2906707058;*;*;*;*;*;*;*;*;*;*;*
29067 Málaga;Distrito 2906707;Sección 2906707059;*;*;*;*;*;*;80;130;75;*;*
29067 Málaga;Distrito 2906707;Sección 2906707060;*;*;*;*;*;*;*;100;*;*;*
29067 Málaga;Distrito 2906707;Sección 2906707061;*;*;*;*;*;*;*;105;*;*;*
29067 Málaga;Distrito 2906707;Sección 2906707062;*;*;*;*;*;*;*;*;*;*;*
29067 Málaga;Distrito 2906707;Sección 2906707064;*;*;*;*;*;*;*;*;*;*;*
29067 Málaga;Distrito 2906707;Sección 2906707065;*;*;*;*;*;*;155;155;*;*;*
29067 Málaga;Distrito 2906707;Sección 2906707066;*;85;*;*;*;*;110;90;*;*;*
29067 Málaga;Distrito 2906707;Sección 2906707067;*;*;*;*;*;*;120;155;*;*;*
29067 Málaga;Distrito 2906707;Sección 2906707068;*;*;65;*;*;*;145;*;70;*;*
29067 Málaga;Distrito 2906707;Sección 2906707069;65;*;65;*;*;*;*;105;*;*;*
29067 Málaga;Distrito 2906707;Sección 2906707070;*;*;*;*;*;*;90;110;85;*;*
29067 Málaga;Distrito 2906707;Sección 2906707071;*;*;55;*;80;*;100;185;*;*;*
29067 Málaga;Distrito 2906707;Sección 2906707072;*;*;*;*;*;*;110;385;*;*;*
29067 Málaga;Distrito 2906707;Sección 2906707073;*;*;*;*;*;*;55;70;*;*;*
29067 Málaga;Distrito 2906707;Sección 2906707074;*;*;*;*;*;*;95;90;*;*;*
29067 Málaga;Distrito 2906707;Sección 2906707075;*;*;*;*;*;*;50;*;85;*;*
29067 Málaga;Distrito 2906707;Sección 2906707076;*;*;*;*;65;*;95;195;*;*;*
29067 Málaga;Distrito 2906707;Sección 2906707077;*;*;*;*;*;*;45;240;*;*;*
29067 Málaga;Distrito 2906707;Sección 2906707078;*;*;*;*;*;*;*;255;*;*;65
29067 Málaga;Distrito 2906707;Sección 2906707079;*;*;*;*;*;*;*;170;*;*;*
29067 Málaga;Distrito 2906707;Sección 2906707080;*;*;*;*;*;*;70;*;*;*;*
29067 Málaga;Distrito 2906707;Sección 2906707081;*;*;*;*;*;*;75;105;*;*;*
29067 Málaga;Distrito 2906707;Sección 2906707082;*;*;120;*;*;*;135;360;70;*;*
29067 Málaga;Distrito 2906707;Sección 2906707083;*;*;*;*;*;*;*;*;*;*;*
29067 Málaga;Distrito 2906707;Sección 2906707084;*;*;*;*;*;*;*;155;*;*;*
29067 Málaga;Distrito 2906707;Sección 2906707085;*;*;*;*;*;*;75;100;*;*;*
29067 Málaga;Distrito 2906707;Sección 2906707086;*;*;*;*;*;*;*;150;70;*;*
29067 Málaga;Distrito 2906707;Sección 2906707087;*;*;*;*;*;*;70;105;*;*;*
29067 Málaga;Distrito 2906707;Sección 2906707088;*;*;*;*;*;*;*;*;*;*;*
29067 Málaga;Distrito 2906707;Sección 2906707089;*;*;*;*;*;*;120;205;*;*;*
29067 Málaga;Distrito 2906707;Sección 2906707090;*;*;*;*;*;*;115;230;*;*;*
29067 Málaga;Distrito 2906707;Sección 2906707091;*;95;*;*;*;*;220;235;*;*;*
29067 Málaga;Distrito 2906707;Sección 2906707092;*;85;*;*;105;*;285;580;*;*;*
29067 Málaga;Distrito 2906707;Sección 2906707093;*;*;*;*;*;*;*;130;80;*;*
29067 Málaga;Distrito 2906707;Sección 2906707094;55;*;*;*;80;*;90;120;*;*;95
29067 Málaga;Distrito 2906708;Sección 2906708001;65;*;*;*;*;*;75;235;*;*;*
29067 Málaga;Distrito 2906708;Sección 2906708002;*;*;*;*;*;*;*;145;*;*;*
29067 Málaga;Distrito 2906708;Sección 2906708003;*;*;*;*;*;*;65;180;*;*;*
29067 Málaga;Distrito 2906708;Sección 2906708004;*;*;*;*;*;*;70;95;*;*;*
29067 Málaga;Distrito 2906708;Sección 2906708005;*;*;*;*;*;*;95;135;*;*;*
29067 Málaga;Distrito 2906708;Sección 2906708006;*;75;*;*;50;*;65;265;95;*;*
29067 Málaga;Distrito 2906708;Sección 2906708007;*;*;*;*;65;*;70;295;*;*;*
29067 Málaga;Distrito 2906708;Sección 2906708008;*;*;*;*;*;*;*;*;*;*;*
29067 Málaga;Distrito 2906708;Sección 2906708009;*;*;*;*;*;*;90;70;*;*;*
29067 Málaga;Distrito 2906708;Sección 2906708010;60;80;*;*;*;*;170;275;75;*;*
29067 Málaga;Distrito 2906708;Sección 2906708011;*;*;*;*;*;*;80;175;55;90;*
29067 Málaga;Distrito 2906708;Sección 2906708012;*;*;*;*;*;*;250;225;*;55;*
29067 Málaga;Distrito 2906708;Sección 2906708013;*;*;*;*;*;*;*;200;60;*;*
29067 Málaga;Distrito 2906708;Sección 2906708014;*;*;*;*;*;*;*;50;*;*;*
29067 Málaga;Distrito 2906708;Sección 2906708015;*;*;*;*;*;*;85;165;*;65;*
29067 Málaga;Distrito 2906708;Sección 2906708016;*;*;*;*;*;*;*;105;*;*;*
29067 Málaga;Distrito 2906708;Sección 2906708017;*;*;*;*;*;*;65;175;*;*;*
29067 Málaga;Distrito 2906708;Sección 2906708018;*;*;*;*;*;*;105;420;*;*;*
29067 Málaga;Distrito 2906708;Sección 2906708019;*;*;*;*;*;*;*;55;*;*;*
29067 Málaga;Distrito 2906708;Sección 2906708020;*;*;*;*;*;*;105;230;*;*;70
29067 Málaga;Distrito 2906708;Sección 2906708021;*;*;110;*;*;*;125;90;*;65;*
29067 Málaga;Distrito 2906708;Sección 2906708022;*;*;*;*;*;*;80;*;65;*;*
29067 Málaga;Distrito 2906708;Sección 2906708023;*;*;*;*;*;*;100;110;*;*;*
29067 Málaga;Distrito 2906708;Sección 2906708024;*;*;95;*;*;*;*;175;*;*;*
29067 Málaga;Distrito 2906708;Sección 2906708025;60;*;*;*;*;*;65;165;*;*;*
29067 Málaga;Distrito 2906708;Sección 2906708026;*;*;*;*;*;*;85;180;*;*;*
29067 Málaga;Distrito 2906708;Sección 2906708027;*;*;*;*;*;*;*;115;*;*;*
29067 Málaga;Distrito 2906708;Sección 2906708028;*;*;75;*;*;*;75;250;*;*;*
29067 Málaga;Distrito 2906708;Sección 2906708029;*;65;*;*;105;*;115;240;*;*;*
29067 Málaga;Distrito 2906708;Sección 2906708030;*;*;*;*;*;*;130;170;*;*;*
29067 Málaga;Distrito 2906708;Sección 2906708031;*;*;*;*;*;*;80;140;*;85;*
29067 Málaga;Distrito 2906708;Sección 2906708032;*;*;*;*;*;*;*;115;*;*;*
29067 Málaga;Distrito 2906708;Sección 2906708033;95;85;*;*;90;*;210;385;*;*;*
29067 Málaga;Distrito 2906708;Sección 2906708034;85;*;120;*;*;*;120;100;*;*;*
29067 Málaga;Distrito 2906708;Sección 2906708035;*;*;*;*;120;*;105;560;*;*;*
29067 Málaga;Distrito 2906708;Sección 2906708036;*;*;*;*;*;*;55;165;*;*;*
29067 Málaga;Distrito 2906708;Sección 2906708037;*;*;*;*;*;*;130;140;*;*;*
29067 Málaga;Distrito 2906708;Sección 2906708039;*;*;*;*;*;*;*;180;*;*;*
29067 Málaga;Distrito 2906708;Sección 2906708040;*;75;*;*;*;*;95;205;80;*;*
29067 Málaga;Distrito 2906708;Sección 2906708041;*;*;80;*;65;*;160;190;*;*;*
29067 Málaga;Distrito 2906708;Sección 2906708042;100;*;*;*;*;*;130;290;90;*;*
29067 Málaga;Distrito 2906708;Sección 2906708043;*;*;*;*;55;*;120;595;*;*;*
29067 Málaga;Distrito 2906708;Sección 2906708044;*;*;*;*;60;*;110;395;70;105;*
29067 Málaga;Distrito 2906708;Sección 2906708045;*;*;*;*;*;*;*;110;*;*;*
29067 Málaga;Distrito 2906708;Sección 2906708046;*;*;*;*;*;*;55;105;80;*;*
29067 Málaga;Distrito 2906708;Sección 2906708047;*;*;*;*;*;*;60;190;*;*;*
29067 Málaga;Distrito 2906708;Sección 2906708048;*;*;*;*;*;*;*;110;*;*;*
29067 Málaga;Distrito 2906708;Sección 2906708049;*;*;*;*;*;*;85;*;50;*;*
29067 Málaga;Distrito 2906708;Sección 2906708050;*;*;*;*;*;*;*;*;*;*;*
29067 Málaga;Distrito 2906708;Sección 2906708051;*;*;*;*;*;*;*;90;*;*;*
29067 Málaga;Distrito 2906708;Sección 2906708052;*;50;*;*;45;*;55;285;*;*;*
29067 Málaga;Distrito 2906708;Sección 2906708053;*;*;*;*;*;*;*;130;*;*;*
29067 Málaga;Distrito 2906708;Sección 2906708054;*;*;*;*;*;*;*;400;*;*;55
29067 Málaga;Distrito 2906708;Sección 2906708055;*;95;*;*;50;*;120;160;*;*;*
29067 Málaga;Distrito 2906708;Sección 2906708056;*;*;*;*;55;*;210;565;*;*;*
29067 Málaga;Distrito 2906708;Sección 2906708057;90;*;*;*;95;*;120;370;*;*;*
29067 Málaga;Distrito 2906708;Sección 2906708058;*;85;*;*;65;*;75;435;*;*;*
29067 Málaga;Distrito 2906708;Sección 2906708059;*;*;*;*;75;*;145;345;*;*;*
29067 Málaga;Distrito 2906708;Sección 2906708060;*;*;*;*;*;*;*;150;*;*;*
29067 Málaga;Distrito 2906708;Sección 2906708061;*;*;*;*;85;*;270;515;*;*;*
29067 Málaga;Distrito 2906708;Sección 2906708062;*;*;*;*;75;*;*;215;*;*;*
29067 Málaga;Distrito 2906708;Sección 2906708063;*;110;*;*;*;*;160;340;*;*;*
29067 Málaga;Distrito 2906708;Sección 2906708064;*;*;*;*;95;*;60;95;*;*;*
29067 Málaga;Distrito 2906708;Sección 2906708065;145;230;*;*;80;*;450;430;*;*;140
29067 Málaga;Distrito 2906709;Sección 2906709001;*;*;*;*;*;*;120;120;115;*;*
29067 Málaga;Distrito 2906709;Sección 2906709002;*;*;95;*;*;*;140;*;*;*;*
29067 Málaga;Distrito 2906709;Sección 2906709003;*;*;*;*;*;*;190;230;75;*;*
29067 Málaga;Distrito 2906709;Sección 2906709004;75;*;*;*;*;*;125;145;85;*;*
29067 Málaga;Distrito 2906709;Sección 2906709005;*;*;60;*;*;*;*;85;*;*;*
29067 Málaga;Distrito 2906709;Sección 2906709006;*;*;140;*;*;*;125;65;*;*;100
29067 Málaga;Distrito 2906709;Sección 2906709007;145;205;130;*;*;*;305;105;*;*;*
29067 Málaga;Distrito 2906709;Sección 2906709008;*;*;*;*;*;*;80;*;*;*;*
29067 Málaga;Distrito 2906709;Sección 2906709009;*;*;115;*;*;*;*;*;*;*;*
29067 Málaga;Distrito 2906709;Sección 2906709010;*;*;*;*;*;*;155;115;110;*;65
29067 Málaga;Distrito 2906709;Sección 2906709011;*;*;*;*;65;*;190;155;*;*;*
29067 Málaga;Distrito 2906709;Sección 2906709012;*;*;*;*;*;*;130;55;*;*;*
29067 Málaga;Distrito 2906709;Sección 2906709013;55;*;*;*;*;*;115;*;*;*;*
29067 Málaga;Distrito 2906709;Sección 2906709014;*;*;90;*;*;*;150;*;*;*;*
29067 Málaga;Distrito 2906709;Sección 2906709015;*;*;*;*;*;*;*;135;*;*;*
29067 Málaga;Distrito 2906709;Sección 2906709016;*;*;*;*;*;*;*;*;*;*;*
29067 Málaga;Distrito 2906709;Sección 2906709017;75;*;*;*;*;*;70;*;*;*;*
29067 Málaga;Distrito 2906709;Sección 2906709018;*;*;100;*;90;*;*;75;*;*;*
29067 Málaga;Distrito 2906709;Sección 2906709019;*;*;*;*;*;*;65;70;*;*;*
29067 Málaga;Distrito 2906709;Sección 2906709020;*;*;*;*;*;*;*;75;*;*;*
29067 Málaga;Distrito 2906709;Sección 2906709021;*;*;*;*;*;*;*;*;*;*;*
29067 Málaga;Distrito 2906709;Sección 2906709022;*;*;*;*;*;*;75;130;*;*;85
29067 Málaga;Distrito 2906709;Sección 2906709023;*;*;90;*;*;*;135;80;120;*;*
29067 Málaga;Distrito 2906709;Sección 2906709024;*;*;*;*;*;*;*;*;*;*;*
29067 Málaga;Distrito 2906709;Sección 2906709025;*;*;*;*;*;*;*;*;*;*;*
29067 Málaga;Distrito 2906709;Sección 2906709026;*;*;*;*;*;*;105;*;*;*;*
29067 Málaga;Distrito 2906709;Sección 2906709027;*;*;*;*;*;*;*;*;*;*;*
29067 Málaga;Distrito 2906709;Sección 2906709028;*;*;*;*;*;*;110;100;*;*;*
29067 Málaga;Distrito 2906709;Sección 2906709029;*;*;*;*;*;*;55;65;*;*;*
29067 Málaga;Distrito 2906709;Sección 2906709030;*;*;65;*;*;*;*;*;*;*;*
29067 Málaga;Distrito 2906709;Sección 2906709031;*;*;80;*;*;*;145;125;*;*;*
29067 Málaga;Distrito 2906709;Sección 2906709032;*;*;*;*;*;*;*;55;*;*;*
29067 Málaga;Distrito 2906709;Sección 2906709033;*;*;*;*;*;*;105;120;*;*;*
29067 Málaga;Distrito 2906709;Sección 2906709034;*;*;65;*;*;*;80;55;*;*;*
29067 Málaga;Distrito 2906709;Sección 2906709036;80;*;*;*;*;*;240;155;*;*;*
29067 Málaga;Distrito 2906709;Sección 2906709037;*;*;*;*;85;*;125;160;*;*;*
29067 Málaga;Distrito 2906709;Sección 2906709038;*;95;*;*;*;*;90;80;*;*;*
29067 Málaga;Distrito 2906709;Sección 2906709039;*;*;*;*;*;*;160;*;*;*;*
29067 Málaga;Distrito 2906709;Sección 2906709040;*;*;90;*;*;*;85;100;*;*;*
29067 Málaga;Distrito 2906709;Sección 2906709041;*;*;*;*;*;*;*;*;*;*;*
29067 Málaga;Distrito 2906709;Sección 2906709042;*;*;*;*;*;*;*;80;*;*;*
29067 Málaga;Distrito 2906709;Sección 2906709043;*;*;*;*;*;*;*;*;*;*;*
29067 Málaga;Distrito 2906709;Sección 2906709044;*;*;*;*;*;*;75;105;*;*;*
29067 Málaga;Distrito 2906709;Sección 2906709045;*;*;*;*;*;*;140;115;*;*;*
29067 Málaga;Distrito 2906709;Sección 2906709046;*;*;*;*;*;*;*;75;*;*;*
29067 Málaga;Distrito 2906709;Sección 2906709047;*;*;*;*;*;*;*;75;*;*;*
29067 Málaga;Distrito 2906709;Sección 2906709048;*;*;*;*;*;*;90;*;*;*;*
29067 Málaga;Distrito 2906709;Sección 2906709049;*;*;*;*;*;*;75;125;*;*;*
29067 Málaga;Distrito 2906709;Sección 2906709050;*;*;*;*;*;80;90;130;*;*;*
29067 Málaga;Distrito 2906709;Sección 2906709051;*;*;*;*;*;*;65;270;*;*;*
29067 Málaga;Distrito 2906709;Sección 2906709052;*;120;115;*;60;*;145;315;*;*;45
29067 Málaga;Distrito 2906709;Sección 2906709053;*;*;*;*;*;*;70;*;*;*;*
29067 Málaga;Distrito 2906709;Sección 2906709055;*;*;*;*;*;*;*;170;*;*;*
29067 Málaga;Distrito 2906709;Sección 2906709056;90;*;*;*;*;*;275;150;*;120;*
29067 Málaga;Distrito 2906709;Sección 2906709057;*;*;65;*;*;*;*;*;*;*;*
29067 Málaga;Distrito 2906709;Sección 2906709058;*;*;160;*;*;*;*;*;*;*;*
29067 Málaga;Distrito 2906709;Sección 2906709059;*;*;75;*;*;70;180;75;*;*;*
29067 Málaga;Distrito 2906709;Sección 2906709062;*;*;*;*;*;*;95;90;*;*;*
29067 Málaga;Distrito 2906709;Sección 2906709063;*;*;*;*;*;*;*;75;*;*;*
29067 Málaga;Distrito 2906709;Sección 2906709064;*;*;*;*;*;*;*;170;*;*;*
29067 Málaga;Distrito 2906709;Sección 2906709065;*;*;*;*;*;*;*;95;*;*;*
29067 Málaga;Distrito 2906709;Sección 2906709067;*;*;*;*;*;*;100;135;*;*;*
29067 Málaga;Distrito 2906709;Sección 2906709068;*;*;*;*;*;*;*;*;*;*;*
29067 Málaga;Distrito 2906709;Sección 2906709070;*;*;*;*;*;*;*;145;*;*;*
29067 Málaga;Distrito 2906709;Sección 2906709071;*;*;*;*;*;*;50;*;*;*;*
29067 Málaga;Distrito 2906709;Sección 2906709075;*;*;*;*;*;*;75;*;*;*;*
29067 Málaga;Distrito 2906709;Sección 2906709076;*;*;*;*;*;*;*;175;85;*;*
29067 Málaga;Distrito 2906709;Sección 2906709077;*;*;*;*;*;*;95;*;*;*;*
29067 Málaga;Distrito 2906709;Sección 2906709078;*;*;*;*;*;*;95;*;*;*;*
29067 Málaga;Distrito 2906709;Sección 2906709079;*;*;*;*;*;*;*;105;65;*;*
29067 Málaga;Distrito 2906709;Sección 2906709080;*;*;*;*;*;*;100;*;120;*;*
29067 Málaga;Distrito 2906709;Sección 2906709082;*;*;*;*;*;*;160;115;*;*;*
29067 Málaga;Distrito 2906709;Sección 2906709083;85;*;*;*;*;*;155;200;*;*;*
29067 Málaga;Distrito 2906710;Sección 2906710001;140;70;*;*;*;*;225;190;*;*;*
29067 Málaga;Distrito 2906710;Sección 2906710002;70;*;*;*;*;*;125;160;65;*;*
29067 Málaga;Distrito 2906710;Sección 2906710003;*;*;*;*;*;*;130;480;90;*;*
29067 Málaga;Distrito 2906710;Sección 2906710004;*;*;*;*;*;*;60;140;*;*;*
29067 Málaga;Distrito 2906710;Sección 2906710005;*;*;65;*;*;*;*;90;*;*;130
29067 Málaga;Distrito 2906710;Sección 2906710006;*;*;*;*;*;*;*;*;*;*;*
29067 Málaga;Distrito 2906710;Sección 2906710007;*;*;*;*;*;*;*;115;*;*;*
29067 Málaga;Distrito 2906710;Sección 2906710008;*;*;*;*;*;*;*;65;*;*;*
29067 Málaga;Distrito 2906710;Sección 2906710009;*;*;*;*;*;*;120;135;*;*;*
29067 Málaga;Distrito 2906710;Sección 2906710010;*;*;65;*;*;*;110;170;*;*;*
29067 Málaga;Distrito 2906710;Sección 2906710011;*;*;*;*;*;*;*;105;*;*;*
29067 Málaga;Distrito 2906710;Sección 2906710012;*;*;*;*;*;*;*;90;*;*;*
29067 Málaga;Distrito 2906710;Sección 2906710013;*;*;*;*;*;*;*;205;*;*;*
29067 Málaga;Distrito 2906710;Sección 2906710014;*;*;*;*;65;*;80;145;*;*;*
29067 Málaga;Distrito 2906710;Sección 2906710015;*;*;*;*;*;*;60;130;*;*;*
29067 Málaga;Distrito 2906710;Sección 2906710016;95;*;*;*;*;*;135;190;*;*;*
29067 Málaga;Distrito 2906710;Sección 2906710017;*;*;*;*;*;*;150;90;*;*;*
29067 Málaga;Distrito 2906710;Sección 2906710018;*;*;*;*;*;*;145;175;*;*;*
29067 Málaga;Distrito 2906710;Sección 2906710019;*;*;*;*;*;*;125;310;55;*;*
29067 Málaga;Distrito 2906710;Sección 2906710020;*;*;60;*;*;*;150;140;*;60;*
29067 Málaga;Distrito 2906710;Sección 2906710021;*;*;*;*;*;*;*;275;*;*;*
29067 Málaga;Distrito 2906710;Sección 2906710022;*;*;*;*;*;*;290;115;80;*;*
29067 Málaga;Distrito 2906710;Sección 2906710023;*;*;*;*;65;*;205;155;*;*;*
29067 Málaga;Distrito 2906710;Sección 2906710024;*;*;*;*;*;*;*;*;*;*;*
29067 Málaga;Distrito 2906710;Sección 2906710026;*;*;*;*;55;*;*;130;75;*;*
29067 Málaga;Distrito 2906710;Sección 2906710027;*;*;*;*;*;*;80;85;*;*;*
29067 Málaga;Distrito 2906710;Sección 2906710028;65;*;*;*;*;*;110;145;*;*;*
29067 Málaga;Distrito 2906710;Sección 2906710029;*;*;*;*;*;*;110;105;*;*;*
29067 Málaga;Distrito 2906710;Sección 2906710030;*;*;*;*;*;*;110;*;*;*;*
29067 Málaga;Distrito 2906710;Sección 2906710031;*;*;*;*;*;*;130;125;*;*;*
29067 Málaga;Distrito 2906710;Sección 2906710032;55;*;*;*;*;*;105;120;*;*;*
29067 Málaga;Distrito 2906710;Sección 2906710033;*;*;*;*;*;*;105;75;*;*;*
29067 Málaga;Distrito 2906710;Sección 2906710034;*;*;*;*;85;55;175;220;*;85;*
29067 Málaga;Distrito 2906710;Sección 2906710035;*;*;60;*;*;*;150;110;85;*;*
29067 Málaga;Distrito 2906710;Sección 2906710036;*;*;*;*;*;*;55;*;*;*;80
29067 Málaga;Distrito 2906710;Sección 2906710037;55;*;*;*;*;*;75;115;*;*;*
29067 Málaga;Distrito 2906710;Sección 2906710038;*;*;*;*;*;*;80;120;*;*;*
29067 Málaga;Distrito 2906710;Sección 2906710039;*;*;*;*;*;*;*;90;*;*;*
29067 Málaga;Distrito 2906710;Sección 2906710040;*;*;60;*;*;*;*;130;*;*;*
29067 Málaga;Distrito 2906710;Sección 2906710041;*;*;*;*;*;*;55;195;*;*;*
29067 Málaga;Distrito 2906710;Sección 2906710042;*;*;*;*;*;*;45;*;*;*;*
29067 Málaga;Distrito 2906710;Sección 2906710043;*;*;*;*;*;*;95;200;105;*;*
29067 Málaga;Distrito 2906710;Sección 2906710044;*;*;*;*;*;*;140;75;*;*;*
29067 Málaga;Distrito 2906710;Sección 2906710045;*;*;*;*;*;*;*;85;*;*;*
29067 Málaga;Distrito 2906710;Sección 2906710046;*;*;*;*;*;*;155;*;*;*;*
29067 Málaga;Distrito 2906710;Sección 2906710047;*;*;*;*;*;*;60;80;*;*;*
29067 Málaga;Distrito 2906710;Sección 2906710048;*;*;*;*;*;*;90;*;*;*;*
29067 Málaga;Distrito 2906710;Sección 2906710049;*;*;*;*;*;*;*;125;*;*;120
29067 Málaga;Distrito 2906710;Sección 2906710050;*;*;*;*;*;*;165;125;85;*;*
29067 Málaga;Distrito 2906710;Sección 2906710051;*;*;*;*;*;*;*;120;*;*;*
29067 Málaga;Distrito 2906710;Sección 2906710052;*;*;*;*;110;*;85;195;*;*;*
29067 Málaga;Distrito 2906710;Sección 2906710053;*;*;*;*;*;*;90;90;*;*;*
29067 Málaga;Distrito 2906710;Sección 2906710054;*;*;*;*;*;*;*;120;*;*;*
29067 Málaga;Distrito 2906710;Sección 2906710055;*;*;*;*;*;*;*;95;*;*;*
29067 Málaga;Distrito 2906710;Sección 2906710056;*;*;65;*;*;*;190;150;*;*;*
29067 Málaga;Distrito 2906710;Sección 2906710057;*;*;*;*;*;*;135;100;*;*;*
29067 Málaga;Distrito 2906710;Sección 2906710058;*;*;*;*;*;*;*;*;90;*;*
29067 Málaga;Distrito 2906710;Sección 2906710059;*;*;*;*;115;*;*;50;*;*;*
29067 Málaga;Distrito 2906710;Sección 2906710060;*;*;*;*;*;*;75;80;*;*;*
29067 Málaga;Distrito 2906710;Sección 2906710061;*;*;*;*;*;*;*;*;*;*;*
29067 Málaga;Distrito 2906710;Sección 2906710062;*;*;*;*;*;*;*;180;*;*;*
29067 Málaga;Distrito 2906710;Sección 2906710063;*;*;*;*;*;*;105;*;*;*;*
29067 Málaga;Distrito 2906710;Sección 2906710064;*;*;*;*;*;*;*;180;*;*;*
29067 Málaga;Distrito 2906710;Sección 2906710065;*;*;*;*;*;*;*;85;*;*;*
29067 Málaga;Distrito 2906710;Sección 2906710066;105;100;*;*;85;*;225;235;*;*;*
29067 Málaga;Distrito 2906710;Sección 2906710067;*;*;*;*;*;*;175;95;*;*;*
29067 Málaga;Distrito 2906710;Sección 2906710068;*;*;*;*;*;*;60;340;*;*;*
29067 Málaga;Distrito 2906710;Sección 2906710069;*;75;*;*;*;*;175;245;*;*;*
29067 Málaga;Distrito 2906710;Sección 2906710070;*;*;*;*;*;*;220;345;*;*;*
29067 Málaga;Distrito 2906710;Sección 2906710071;120;*;*;*;*;*;80;150;*;*;*
29067 Málaga;Distrito 2906710;Sección 2906710072;90;*;*;*;*;*;135;370;*;*;*
29067 Málaga;Distrito 2906711;Sección 2906711001;*;*;*;*;*;*;*;160;*;*;*
29067 Málaga;Distrito 2906711;Sección 2906711002;*;*;*;*;80;*;175;255;80;*;*
29067 Málaga;Distrito 2906711;Sección 2906711003;*;*;*;*;*;*;200;260;*;*;*
29067 Málaga;Distrito 2906711;Sección 2906711004;*;*;*;*;*;*;230;135;*;*;*
29067 Málaga;Distrito 2906711;Sección 2906711005;*;*;*;*;*;*;*;65;*;*;*
29067 Málaga;Distrito 2906711;Sección 2906711006;*;*;*;*;*;*;70;385;*;55;70
29067 Málaga;Distrito 2906711;Sección 2906711007;*;*;*;*;*;*;215;275;80;130;*
29067 Málaga;Distrito 2906711;Sección 2906711008;*;*;*;*;90;*;145;465;*;*;140
29067 Málaga;Distrito 2906711;Sección 2906711009;*;*;*;*;*;*;90;95;*;*;*
29067 Málaga;Distrito 2906711;Sección 2906711010;*;80;*;*;*;*;120;170;*;*;*
